{"1066541898":{"moderators":[],"set_owner":262952512,"settings":{"set_name":"Allwen Team","lock_sticker":"no","public":"no","lock_rtl":"no","lock_tgservice":"yes","lock_arabic":"no","strict":"no","lock_link":"no","lock_spam":"yes","lock_contacts":"no","member":"no","flood":"yes"},"group_type":"Supergroup","long_id":"$050000004a23923f8ffc25739cb182a0"},"111570456":{"moderators":[],"set_owner":211804305,"settings":{"set_name":"Python Bots","lock_member":"no","lock_photo":"no","lock_name":"yes","flood":"yes"},"group_type":"Group","long_id":"$02000000186ea6060000000000000000"},"1065060821":{"moderators":[],"set_owner":195801672,"settings":{"set_name":"hellBot","lock_sticker":"no","flood":"yes","lock_rtl":"no","lock_tgservice":"yes","lock_arabic":"no","strict":"no","lock_link":"no","lock_spam":"yes","lock_contacts":"no","public":"no","member":"no"},"group_type":"Supergroup","long_id":"$05000000d5897b3f8cdf4d27d435cf39"},"1052749119":{"moderators":[],"set_owner":262952512,"settings":{"set_name":"•\\Allwen Support/•","lock_sticker":"no","flood":"yes","lock_rtl":"no","lock_tgservice":"yes","lock_arabic":"no","lock_contacts":"no","strict":"no","set_link":"https://telegram.me/joinchat/DYf3Fj6_rT8UAroF-QWkxQ","member":"no","lock_spam":"yes","username":"yes","lock_link":"yes","public":"no"},"group_type":"Supergroup","long_id":"$050000003fadbf3e02fcd6520d55a656"},"110520057":{"moderators":[],"set_owner":236577024,"settings":{"set_name":"Hell Bots 🌏 | Normal","lock_member":"no","lock_photo":"no","lock_name":"yes","flood":"yes"},"group_type":"Group","long_id":"$02000000f96696060000000000000000"},"f2a":"close","148384640":{"moderators":[],"set_owner":227014422,"settings":{"set_name":"test","lock_member":"no","lock_photo":"no","lock_name":"yes","flood":"yes"},"group_type":"Group","long_id":"$02000000802bd8080000000000000000"},"groups":{"1065060821":1065060821,"1052749119":1052749119,"1067705801":1067705801,"1066541898":1066541898,"111570456":111570456,"148384640":148384640,"1063010126":1063010126,"110520057":110520057},"1067705801":{"moderators":[],"set_owner":227014422,"settings":{"public":"no","set_photo":"data/photos/channel_photo_1067705801.jpg","tag":"yes","flood":"yes","lock_rtl":"no","lock_tgservice":"yes","lock_arabic":"no","set_name":"Support Hidden Bot 🇮🇷","lock_link":"yes","strict":"no","set_link":"https://telegram.me/joinchat/C9QZvD-j5ckCbGb0WQTYUg","member":"no","lock_contacts":"no","username":"yes","lock_sticker":"no","lock_spam":"yes"},"description":"Hidden TG Bot Support! 🗣\n-PowerFul\n-Fast\n-Important\nDev By @AllwenOfficiall (AllwenTeam) 🇮🇷","group_type":"SuperGroup","long_id":"$05000000c9e5a33f001b395bb6860060"},"1063010126":{"moderators":[],"set_owner":"235439494","settings":{"set_name":"Free 🔫","lock_sticker":"no","flood":"yes","lock_rtl":"no","lock_tgservice":"yes","lock_arabic":"no","strict":"no","lock_contacts":"no","member":"no","lock_spam":"yes","set_link":"https://telegram.me/joinchat/C9QZvD9cP060ikIjUNuwXw","lock_link":"no","public":"no"},"group_type":"Supergroup","long_id":"$050000004e3f5c3f0b5679d8f0006607"}}